{"ip":0,"fr":60,"v":"5.1.20","assets":[{"id":"precomp_1","layers":[{"ty":4,"nm":"Oval","ip":0,"st":0,"ind":3,"hix":1,"ks":{"o":{"a":0,"k":100},"or":{"a":0,"k":[0,0,0]},"a":{"a":0,"k":[15,15,0]},"p":{"s":true,"x":{"a":1,"k":[{"t":0,"s":[16],"e":[16],"i":{"x":[1],"y":[1]},"o":{"x":[0],"y":[0]}},{"t":15,"s":[16],"e":[48],"i":{"x":[0.355],"y":[1]},"o":{"x":[0.645],"y":[0.045]}},{"t":30,"s":[48],"e":[16],"i":{"x":[0.355],"y":[1]},"o":{"x":[0.645],"y":[0.045]}},{"t":45}]},"y":{"a":0,"k":16}},"rx":{"a":0,"k":0},"ry":{"a":0,"k":0},"rz":{"a":0,"k":0},"s":{"a":0,"k":[100,100]}},"shapes":[{"ty":"gr","nm":"Oval shape group","it":[{"ty":"el","p":{"a":0,"k":[16,16]},"s":{"a":0,"k":[30,30]}},{"ty":"st","o":{"a":0,"k":0},"w":{"a":0,"k":0},"c":{"a":0,"k":[0,0,0,0]},"lc":3,"lj":1,"ml":1},{"ty":"fl","o":{"a":0,"k":100},"r":2,"c":{"a":0,"k":[1,1,1,1]}},{"ty":"tr","o":{"a":0,"k":100},"a":{"a":0,"k":[0,0]},"s":{"a":0,"k":[100,100]},"p":{"a":0,"k":[-1,-1]},"r":{"a":0,"k":0}}]}],"op":45},{"ty":4,"nm":"Rectangle","ip":0,"st":0,"ind":1,"hix":2,"ks":{"o":{"a":0,"k":100},"or":{"a":0,"k":[0,0,0]},"a":{"a":0,"k":[32,16,0]},"p":{"s":true,"x":{"a":0,"k":32},"y":{"a":0,"k":16}},"rx":{"a":0,"k":0},"ry":{"a":0,"k":0},"rz":{"a":0,"k":0},"s":{"a":0,"k":[100,100,100]}},"shapes":[{"ty":"gr","nm":"Rectangle shape group","it":[{"ty":"rc","s":{"a":0,"k":[64,32]},"r":{"a":0,"k":16},"p":{"a":0,"k":[32,16]}},{"ty":"st","o":{"a":0,"k":0},"w":{"a":0,"k":0},"c":{"a":0,"k":[0,0,0,0]},"lc":3,"lj":1,"ml":1},{"ty":"fl","o":{"a":0,"k":100},"r":2,"c":{"a":1,"k":[{"t":0,"s":[0.2980392156862745,0.7098039215686275,0.6705882352941176,1],"e":[0.2980392156862745,0.7098039215686275,0.6705882352941176,1],"i":{"x":[1],"y":[1]},"o":{"x":[0],"y":[0]}},{"t":15,"s":[0.2980392156862745,0.7098039215686275,0.6705882352941176,1],"e":[0.27058823529411763,0.35294117647058826,0.39215686274509803,1],"i":{"x":[0.515],"y":[0.955]},"o":{"x":[0.455],"y":[0.03]}},{"t":30,"s":[0.27058823529411763,0.35294117647058826,0.39215686274509803,1],"e":[0.2980392156862745,0.7098039215686275,0.6705882352941176,1],"i":{"x":[0.515],"y":[0.955]},"o":{"x":[0.455],"y":[0.03]}},{"t":45}]}},{"ty":"tr","o":{"a":0,"k":100},"a":{"a":0,"k":[0,0]},"s":{"a":0,"k":[100,100]},"p":{"a":0,"k":[0,0]},"r":{"a":0,"k":0}}]}],"op":45}]},{"id":"precomp_2","layers":[{"ty":4,"nm":"Oval","ip":0,"st":0,"ind":3,"hix":1,"ks":{"o":{"a":0,"k":100},"or":{"a":0,"k":[0,0,0]},"a":{"a":0,"k":[15,15,0]},"p":{"s":true,"x":{"a":1,"k":[{"t":0,"s":[16],"e":[16],"i":{"x":[1],"y":[1]},"o":{"x":[0],"y":[0]}},{"t":1,"s":[16],"e":[48],"i":{"x":[0.355],"y":[1]},"o":{"x":[0.645],"y":[0.045]}},{"t":2,"s":[48],"e":[16],"i":{"x":[0.355],"y":[1]},"o":{"x":[0.645],"y":[0.045]}},{"t":3}]},"y":{"a":0,"k":16}},"rx":{"a":0,"k":0},"ry":{"a":0,"k":0},"rz":{"a":0,"k":0},"s":{"a":0,"k":[100,100]}},"shapes":[{"ty":"gr","nm":"Oval shape group","it":[{"ty":"el","p":{"a":0,"k":[16,16]},"s":{"a":0,"k":[30,30]}},{"ty":"st","o":{"a":0,"k":0},"w":{"a":0,"k":0},"c":{"a":0,"k":[0,0,0,0]},"lc":3,"lj":1,"ml":1},{"ty":"fl","o":{"a":0,"k":100},"r":2,"c":{"a":0,"k":[1,1,1,1]}},{"ty":"tr","o":{"a":0,"k":100},"a":{"a":0,"k":[0,0]},"s":{"a":0,"k":[100,100]},"p":{"a":0,"k":[-1,-1]},"r":{"a":0,"k":0}}]}],"op":45},{"ty":4,"nm":"Rectangle","ip":0,"st":0,"ind":1,"hix":2,"ks":{"o":{"a":0,"k":100},"or":{"a":0,"k":[0,0,0]},"a":{"a":0,"k":[32,16,0]},"p":{"s":true,"x":{"a":0,"k":32},"y":{"a":0,"k":16}},"rx":{"a":0,"k":0},"ry":{"a":0,"k":0},"rz":{"a":0,"k":0},"s":{"a":0,"k":[100,100,100]}},"shapes":[{"ty":"gr","nm":"Rectangle shape group","it":[{"ty":"rc","s":{"a":0,"k":[64,32]},"r":{"a":0,"k":16},"p":{"a":0,"k":[32,16]}},{"ty":"st","o":{"a":0,"k":0},"w":{"a":0,"k":0},"c":{"a":0,"k":[0,0,0,0]},"lc":3,"lj":1,"ml":1},{"ty":"fl","o":{"a":0,"k":100},"r":2,"c":{"a":1,"k":[{"t":0,"s":[0.2980392156862745,0.7098039215686275,0.6705882352941176,1],"e":[0.2980392156862745,0.7098039215686275,0.6705882352941176,1],"i":{"x":[1],"y":[1]},"o":{"x":[0],"y":[0]}},{"t":1,"s":[0.2980392156862745,0.7098039215686275,0.6705882352941176,1],"e":[0.27058823529411763,0.35294117647058826,0.39215686274509803,1],"i":{"x":[0.515],"y":[0.955]},"o":{"x":[0.455],"y":[0.03]}},{"t":2,"s":[0.27058823529411763,0.35294117647058826,0.39215686274509803,1],"e":[0.2980392156862745,0.7098039215686275,0.6705882352941176,1],"i":{"x":[0.515],"y":[0.955]},"o":{"x":[0.455],"y":[0.03]}},{"t":3}]}},{"ty":"tr","o":{"a":0,"k":100},"a":{"a":0,"k":[0,0]},"s":{"a":0,"k":[100,100]},"p":{"a":0,"k":[0,0]},"r":{"a":0,"k":0}}]}],"op":45}]},{"id":"precomp_3","layers":[{"ty":4,"nm":"small Oval","ip":0,"st":0,"ind":4,"hix":1,"ks":{"o":{"a":0,"k":0},"or":{"a":0,"k":[0,0,0]},"a":{"a":0,"k":[13,13,0]},"p":{"s":true,"x":{"a":0,"k":16},"y":{"a":0,"k":16}},"rx":{"a":0,"k":0},"ry":{"a":0,"k":0},"rz":{"a":0,"k":0},"s":{"a":0,"k":[100,100]}},"shapes":[{"ty":"gr","nm":"small Oval shape group","it":[{"ty":"el","p":{"a":0,"k":[16,16]},"s":{"a":0,"k":[26,26]}},{"ty":"st","o":{"a":0,"k":0},"w":{"a":0,"k":0},"c":{"a":0,"k":[0,0,0,0]},"lc":3,"lj":1,"ml":1},{"ty":"fl","o":{"a":0,"k":100},"r":2,"c":{"a":0,"k":[0.2980392156862745,0.7098039215686275,0.6705882352941176,1]}},{"ty":"tr","o":{"a":0,"k":100},"a":{"a":0,"k":[0,0]},"s":{"a":0,"k":[100,100]},"p":{"a":0,"k":[-3,-3]},"r":{"a":0,"k":0}}]}],"op":45},{"ty":4,"nm":"Oval","ip":0,"st":0,"ind":3,"hix":2,"ks":{"o":{"a":0,"k":100},"or":{"a":0,"k":[0,0,0]},"a":{"a":0,"k":[15,15,0]},"p":{"s":true,"x":{"a":0,"k":16},"y":{"a":0,"k":16}},"rx":{"a":0,"k":0},"ry":{"a":0,"k":0},"rz":{"a":0,"k":0},"s":{"a":0,"k":[100,100]}},"shapes":[{"ty":"gr","nm":"Oval shape group","it":[{"ty":"el","p":{"a":0,"k":[16,16]},"s":{"a":0,"k":[30,30]}},{"ty":"st","o":{"a":0,"k":0},"w":{"a":0,"k":0},"c":{"a":0,"k":[0,0,0,0]},"lc":3,"lj":1,"ml":1},{"ty":"fl","o":{"a":0,"k":100},"r":2,"c":{"a":0,"k":[1,1,1,1]}},{"ty":"tr","o":{"a":0,"k":100},"a":{"a":0,"k":[0,0]},"s":{"a":0,"k":[100,100]},"p":{"a":0,"k":[-1,-1]},"r":{"a":0,"k":0}}]}],"op":45},{"ty":4,"nm":"Rectangle","ip":0,"st":0,"ind":1,"hix":3,"ks":{"o":{"a":0,"k":100},"or":{"a":0,"k":[0,0,0]},"a":{"a":0,"k":[32,16,0]},"p":{"s":true,"x":{"a":0,"k":32},"y":{"a":0,"k":16}},"rx":{"a":0,"k":0},"ry":{"a":0,"k":0},"rz":{"a":0,"k":0},"s":{"a":0,"k":[100,100,100]}},"shapes":[{"ty":"gr","nm":"Rectangle shape group","it":[{"ty":"rc","s":{"a":0,"k":[64,32]},"r":{"a":0,"k":16},"p":{"a":0,"k":[32,16]}},{"ty":"st","o":{"a":0,"k":0},"w":{"a":0,"k":0},"c":{"a":0,"k":[0,0,0,0]},"lc":3,"lj":1,"ml":1},{"ty":"fl","o":{"a":0,"k":100},"r":2,"c":{"a":0,"k":[0.2980392156862745,0.7098039215686275,0.6705882352941176,1]}},{"ty":"tr","o":{"a":0,"k":100},"a":{"a":0,"k":[0,0]},"s":{"a":0,"k":[100,100]},"p":{"a":0,"k":[0,0]},"r":{"a":0,"k":0}}]}],"op":45}]}],"layers":[{"ty":0,"nm":"instance:precomp_1","refId":"precomp_1","ind":3,"ip":0,"st":0,"hix":1,"ks":{"o":{"a":0,"k":100},"or":{"a":0,"k":[0,0,0]},"a":{"a":0,"k":[32,16,0]},"p":{"s":true,"x":{"a":0,"k":54.366499999999995},"y":{"a":0,"k":24.882999999999953}},"rx":{"a":0,"k":0},"ry":{"a":0,"k":0},"rz":{"a":0,"k":0},"s":{"a":0,"k":[100,100,100]}},"w":64,"h":32,"op":45},{"ty":0,"nm":"instance:precomp_2","refId":"precomp_2","ind":2,"ip":0,"st":0,"hix":2,"ks":{"o":{"a":0,"k":0},"or":{"a":0,"k":[0,0,0]},"a":{"a":0,"k":[32,16,0]},"p":{"s":true,"x":{"a":0,"k":54.366499999999995},"y":{"a":0,"k":-18.60450000000003}},"rx":{"a":0,"k":0},"ry":{"a":0,"k":0},"rz":{"a":0,"k":0},"s":{"a":0,"k":[100,100,100]}},"w":64,"h":32,"op":45},{"ty":0,"nm":"instance:precomp_3","refId":"precomp_3","ind":1,"ip":0,"st":0,"hix":3,"ks":{"o":{"a":0,"k":0},"or":{"a":0,"k":[0,0,0]},"a":{"a":0,"k":[32,16,0]},"p":{"s":true,"x":{"a":0,"k":54.366499999999995},"y":{"a":0,"k":-62.09199999999993}},"rx":{"a":0,"k":0},"ry":{"a":0,"k":0},"rz":{"a":0,"k":0},"s":{"a":0,"k":[100,100,100]}},"w":64,"h":32,"op":45}],"op":45,"w":109,"h":56}